1,0.0001,-3.3992e-05,-1.4992e-08,0.41647,0.0027044,2.7646e-06
1,0.0002,-6.8422e-05,-3.1827e-08,0.83108,0.0021893,-1.0304e-06
1,0.0012,-0.00041178,-1.9239e-07,4.981,0.004208,3.0683e-06
1,0.0016,-0.00054949,-2.5673e-07,6.6409,0.0038613,1.0991e-05
1,0.002,-0.00068704,-3.2198e-07,8.3006,0.0038344,1.0973e-05
1,0.0024,-0.00082459,-3.8721e-07,9.9604,0.0038332,1.0972e-05
1,0.0028,-0.00096214,-4.5244e-07,11.62,0.0038332,1.0972e-05
1,0.0032,-0.0010997,-5.1767e-07,13.28,0.0038332,1.0972e-05
1,0.0036,-0.0012372,-5.829e-07,14.94,0.0038332,1.0972e-05
1,0.004,-0.0013748,-6.4813e-07,16.6,0.0038332,1.0972e-05
1,0.0044,-0.0015123,-7.1336e-07,18.259,0.0038332,1.0972e-05
1,0.0048,-0.0016499,-7.7859e-07,19.919,0.0038332,1.0972e-05
1,0.0052,-0.0017874,-8.4382e-07,21.579,0.0038332,1.0972e-05
1,0.0056,-0.001925,-9.0905e-07,23.239,0.0038333,1.0972e-05
1,0.006,-0.0020625,-9.7242e-07,24.898,0.0038687,9.7499e-06
1,0.0064,-0.0022003,-1.0146e-06,26.551,0.0041208,-3.82e-06
1,0.0068,-0.0023395,-9.5261e-07,28.17,0.0053605,-5.3359e-05
1,0.0072,-0.0024839,-8.2103e-07,29.692,0.0052792,-7.0019e-05
1,0.0076,-0.0026685,-1.0487e-06,30.325,0.0046568,-4.9886e-05
1,0.008,-0.0028723,-1.1653e-06,30.493,0.0040726,-7.6456e-05
1,0.0084,-0.0030768,-1.2549e-06,30.629,0.0058889,-5.1579e-05
1,0.0088,-0.0032822,-1.3457e-06,30.75,0.0056119,-4.3733e-05
1,0.0092,-0.0034879,-1.4535e-06,30.869,0.0055877,-3.8857e-05
1,0.0096,-0.003694,-1.5669e-06,30.987,0.0056371,-3.9174e-05
1,0.01,-0.0039004,-1.6814e-06,31.105,0.005704,-4.0323e-05
1,0.0104,-0.0041072,-1.7957e-06,31.224,0.0057735,-4.08e-05
1,0.0108,-0.0043143,-1.9087e-06,31.342,0.00584,-4.3102e-05
1,0.0112,-0.0045218,-2.0223e-06,31.459,0.0059091,-4.3774e-05
1,0.0116,-0.0047297,-2.1242e-06,31.577,0.0059741,-4.6597e-05
1,0.012,-0.0049385,-2.2214e-06,31.693,0.0035591,-4.7676e-05
1,0.0124,-0.0051471,-2.326e-06,31.81,0.0035567,-4.5751e-05
1,0.0128,-0.005356,-2.4346e-06,31.927,0.0035931,-4.5929e-05
1,0.0132,-0.0055653,-2.5445e-06,32.044,0.0036336,-4.6612e-05
1,0.0136,-0.005775,-2.655e-06,32.161,0.0036745,-4.7371e-05
1,0.014,-0.0059849,-2.7659e-06,32.278,0.0037157,-4.8014e-05
1,0.0144,-0.0061952,-2.8731e-06,32.395,0.0037551,-4.8873e-05
1,0.0148,-0.0064058,-2.9824e-06,32.511,0.0037937,-4.9396e-05
1,0.0152,-0.0066168,-3.0925e-06,32.628,0.0038315,-5.0047e-05
1,0.0156,-0.006828,-3.2027e-06,32.744,0.0038689,-5.0681e-05
1,0.016,-0.0070396,-3.3135e-06,32.86,0.0039064,-5.1303e-05
1,0.0164,-0.0072515,-3.4248e-06,32.976,0.0039436,-5.1909e-05
1,0.0168,-0.0074637,-3.5368e-06,33.093,0.0039803,-5.2494e-05
1,0.0172,-0.0076762,-3.6493e-06,33.209,0.0040165,-5.3059e-05
1,0.0176,-0.007889,-3.7624e-06,33.325,0.0040522,-5.3604e-05
1,0.018,-0.0081021,-3.8762e-06,33.441,0.0040875,-5.4129e-05
1,0.0184,-0.0083156,-3.9906e-06,33.556,0.0041224,-5.4635e-05
1,0.0188,-0.0085293,-4.1058e-06,33.672,0.0041568,-5.5123e-05
1,0.0192,-0.0087433,-4.2216e-06,33.788,0.0041909,-5.5594e-05
1,0.0196,-0.0089577,-4.3381e-06,33.903,0.0042245,-5.6047e-05
1,0.02,-0.0091723,-4.4554e-06,34.019,0.0042577,-5.6484e-05
2,0.0001,-3.5301e-05,-4.2282e-07,0.49322,0.0043604,6.378e-05
2,0.0002,-7.1946e-05,-8.781e-07,0.98379,0.0024292,7.5743e-05
2,0.0012,-0.00043409,-5.4083e-06,5.8989,0.0032143,3.3094e-05
2,0.0016,-0.00057922,-7.2206e-06,7.8644,0.002571,6.9596e-05
2,0.002,-0.00072418,-9.0332e-06,9.8302,0.0025653,6.9532e-05
2,0.0024,-0.00086913,-1.0846e-05,11.796,0.0025653,6.9534e-05
2,0.0028,-0.0010141,-1.2658e-05,13.762,0.0025654,6.9534e-05
2,0.0032,-0.001159,-1.4471e-05,15.728,0.0025656,6.9533e-05
2,0.0036,-0.001304,-1.6283e-05,17.694,0.0025657,6.9533e-05
2,0.004,-0.0014489,-1.8096e-05,19.659,0.0025658,6.9532e-05
2,0.0044,-0.0015939,-1.9906e-05,21.625,0.0025727,6.8325e-05
2,0.0048,-0.0017391,-2.1649e-05,23.585,0.0027402,4.9862e-05
2,0.0052,-0.0018853,-2.2916e-05,25.52,0.0034304,-9.7947e-05
2,0.0056,-0.0020357,-2.3425e-05,27.381,0.0055385,-0.00032722
2,0.006,-0.0021972,-2.3553e-05,29.075,0.0052368,-0.00027628
2,0.0064,-0.0023778,-2.4574e-05,30.484,0.0071434,-0.00017036
2,0.0068,-0.0025844,-2.5999e-05,31.541,0.00666,-0.00014013
2,0.0072,-0.0028142,-2.9375e-05,32.284,0.0065519,-0.00010697
2,0.0076,-0.0030612,-3.4175e-05,32.785,0.006955,7.6193e-05
2,0.008,-0.0033177,-3.8545e-05,33.164,0.0067941,1.9156e-05
2,0.0084,-0.0035791,-4.2745e-05,33.487,0.0065767,-4.5902e-05
2,0.0088,-0.0038438,-4.6407e-05,33.78,0.0065477,-9.1942e-05
2,0.0092,-0.0041112,-4.9622e-05,34.054,0.0065744,-0.00016715
2,0.0096,-0.0043809,-5.2737e-05,34.315,0.0067022,-0.00022175
2,0.01,-0.004653,-5.5893e-05,34.568,0.0068679,-0.00026335
2,0.0104,-0.0049279,-5.9063e-05,34.811,0.0058855,-0.00029016
2,0.0108,-0.0052043,-6.2401e-05,35.051,0.0059631,-0.00031042
2,0.0112,-0.0054826,-6.5872e-05,35.286,0.0061099,-0.00033842
2,0.0116,-0.0057628,-6.9447e-05,35.517,0.0062675,-0.00036299
2,0.012,-0.0060449,-7.3078e-05,35.745,0.0064223,-0.00037859
2,0.0124,-0.0063288,-7.6716e-05,35.969,0.0065677,-0.00039005
2,0.0128,-0.0066145,-8.0343e-05,36.191,0.0067129,-0.00040577
2,0.0132,-0.0069026,-8.3884e-05,36.407,0.0058119,-0.0003939
2,0.0136,-0.0071918,-8.7525e-05,36.623,0.0058341,-0.00039756
2,0.014,-0.0074825,-9.1197e-05,36.837,0.0059172,-0.00040537
2,0.0144,-0.0077748,-9.4872e-05,37.049,0.006008,-0.00041603
2,0.0148,-0.0080687,-9.8536e-05,37.259,0.0060988,-0.00042619
2,0.0152,-0.008364,-0.00010219,37.466,0.0061843,-0.000437
2,0.0156,-0.0086608,-0.00010583,37.673,0.0062641,-0.00044887
2,0.016,-0.008959,-0.00010947,37.877,0.0063439,-0.00045974
2,0.0164,-0.0092586,-0.00011312,38.08,0.0064198,-0.00047083
2,0.0168,-0.0095595,-0.00011678,38.281,0.0064908,-0.00048244
2,0.0172,-0.0098617,-0.00012044,38.481,0.006557,-0.00049182
2,0.0176,-0.010165,-0.0001241,38.679,0.006622,-0.00050098
2,0.018,-0.01047,-0.00012776,38.876,0.0066899,-0.00051174
2,0.0184,-0.010776,-0.00013125,39.068,0.0057935,-0.00049564
2,0.0188,-0.011083,-0.00013494,39.264,0.0067319,-0.00052839
2,0.0192,-0.011392,-0.00013841,39.454,0.0058813,-0.00052318
2,0.0196,-0.011701,-0.00014192,39.644,0.005863,-0.00053109
2,0.02,-0.012012,-0.00014541,39.834,0.0058981,-0.0005445
3,0.0001,-3.5625e-05,8.4245e-07,0.49902,0.0045488,-0.00010186
3,0.0002,-7.2617e-05,1.7167e-06,0.99534,0.0026925,-0.00012126
3,0.0012,-0.00043825,1.0509e-05,5.9684,0.0030478,-1.9154e-05
3,0.0016,-0.00058474,1.4015e-05,7.9569,0.0027983,-0.0001076
3,0.002,-0.00073108,1.7529e-05,9.9459,0.0027942,-0.00010771
3,0.0024,-0.00087741,2.1043e-05,11.935,0.0027943,-0.00010772
3,0.0028,-0.0010237,2.4557e-05,13.924,0.0027944,-0.00010772
3,0.0032,-0.0011701,2.8071e-05,15.913,0.0027945,-0.00010772
3,0.0036,-0.0013164,3.1584e-05,17.902,0.0027947,-0.00010772
3,0.004,-0.0014628,3.5098e-05,19.891,0.0027948,-0.00010772
3,0.0044,-0.0016091,3.8611e-05,21.88,0.0027957,-0.00010703
3,0.0048,-0.0017555,4.2114e-05,23.867,0.0028534,-0.00010443
3,0.0052,-0.0019026,4.5653e-05,25.84,0.003315,-0.0001231
3,0.0056,-0.0020526,4.9898e-05,27.755,0.0050794,-0.00029761
3,0.006,-0.002215,5.6574e-05,29.475,0.0050843,-0.00029615
3,0.0064,-0.0024011,6.7591e-05,30.852,0.005771,-0.0002361
3,0.0068,-0.0026169,7.892e-05,31.82,0.0069272,-2.0556e-05
3,0.0072,-0.0028562,8.8022e-05,32.475,0.0063368,0.00023064
3,0.0076,-0.0031089,9.6257e-05,32.948,0.0063172,0.00022351
3,0.008,-0.0033701,0.00010536,33.315,0.0061721,0.00012567
3,0.0084,-0.003636,0.00011551,33.633,0.0060729,5.8359e-05
3,0.0088,-0.0039053,0.00012633,33.925,0.0060977,-8.3292e-06
3,0.0092,-0.0041774,0.00013754,34.199,0.0061587,-3.6012e-05
3,0.0096,-0.004452,0.00014907,34.462,0.006275,-3.65e-05
3,0.01,-0.0047289,0.00016082,34.716,0.0064381,-4.0011e-05
3,0.0104,-0.0050081,0.00017277,34.963,0.0066242,-3.4538e-05
3,0.0108,-0.0052894,0.00018495,35.205,0.006838,-2.7983e-05
3,0.0112,-0.0055736,0.00019734,35.438,0.0058046,1.9172e-05
3,0.0116,-0.0058591,0.00020991,35.67,0.0058739,1.3813e-05
3,0.012,-0.0061465,0.00022262,35.899,0.0060077,1.4284e-05
3,0.0124,-0.0064357,0.00023546,36.124,0.0061467,1.4528e-05
3,0.0128,-0.0067268,0.00024843,36.346,0.0062798,7.2498e-06
3,0.0132,-0.0070197,0.0002615,36.565,0.0064043,4.908e-06
3,0.0136,-0.0073142,0.00027468,36.782,0.0065221,2.9201e-06
3,0.014,-0.0076105,0.000288,36.997,0.0066305,1.5859e-06
3,0.0144,-0.0079084,0.00030141,37.209,0.0067358,-2.9022e-06
3,0.0148,-0.0082078,0.00031492,37.419,0.0068353,-3.9879e-06
3,0.0152,-0.0085096,0.00032853,37.625,0.0058171,3.1887e-05
3,0.0156,-0.0088122,0.00034223,37.831,0.0058104,2.5971e-05
3,0.016,-0.0091161,0.00035603,38.035,0.0058642,2.5021e-05
3,0.0164,-0.0094214,0.00036994,38.238,0.005926,2.514e-05
3,0.0168,-0.0097281,0.00038392,38.44,0.0059899,2.4889e-05
3,0.0172,-0.010036,0.00039798,38.639,0.0060575,2.7515e-05
3,0.0176,-0.010345,0.00041212,38.837,0.0061205,2.6681e-05
3,0.018,-0.010656,0.00042633,39.034,0.0061784,2.3101e-05
3,0.0184,-0.010968,0.00044061,39.229,0.0062368,1.9569e-05
3,0.0188,-0.011281,0.00045498,39.423,0.0062936,1.7726e-05
3,0.0192,-0.011595,0.00046942,39.616,0.0063477,1.7046e-05
3,0.0196,-0.01191,0.00048393,39.807,0.0063959,1.5369e-05
3,0.02,-0.012226,0.00049851,39.997,0.0064461,1.3039e-05
4,0.0001,-3.5448e-05,-2.9724e-07,0.51057,0.0044671,3.449e-05
4,0.0002,-7.2255e-05,-6.0474e-07,1.0184,0.0026405,2.8927e-05
4,0.0012,-0.00043606,-3.6783e-06,6.106,0.0031906,4.1143e-06
4,0.0016,-0.00058183,-4.9049e-06,8.1403,0.0027344,2.4285e-05
4,0.002,-0.00072743,-6.1334e-06,10.175,0.0027293,2.431e-05
4,0.0024,-0.00087304,-7.3619e-06,12.21,0.0027293,2.4309e-05
4,0.0028,-0.0010186,-8.5904e-06,14.245,0.0027294,2.4308e-05
4,0.0032,-0.0011643,-9.8189e-06,16.28,0.0027295,2.4307e-05
4,0.0036,-0.0013099,-1.1047e-05,18.314,0.0027296,2.4307e-05
4,0.004,-0.0014555,-1.2276e-05,20.349,0.0027296,2.4306e-05
4,0.0044,-0.0016011,-1.3502e-05,22.384,0.0027408,2.3607e-05
4,0.0048,-0.0017471,-1.4766e-05,24.41,0.0030256,4.3023e-05
4,0.0052,-0.001895,-1.6348e-05,26.396,0.0043867,0.00014494
4,0.0056,-0.0020496,-1.7998e-05,28.276,0.0053974,0.00015987
4,0.006,-0.0022204,-1.8573e-05,29.911,0.0063033,-6.3775e-06
4,0.0064,-0.0024136,-1.7174e-05,31.228,0.0064221,-1.9344e-05
4,0.0068,-0.0026318,-1.3509e-05,32.2,0.006604,-7.805e-06
4,0.0072,-0.0028724,-7.715e-06,32.864,0.0072963,-0.00014574
4,0.0076,-0.0031269,-3.0717e-06,33.349,0.0072626,-0.00013985
4,0.008,-0.0033892,7.0629e-07,33.741,0.0070831,-0.00011417
4,0.0084,-0.0036564,3.4774e-06,34.083,0.0070783,-0.00015527
4,0.0088,-0.0039273,5.1334e-06,34.396,0.007161,-0.00014802
4,0.0092,-0.0042019,6.4267e-06,34.688,0.0060177,-9.0148e-05
4,0.0096,-0.0044788,7.5565e-06,34.971,0.0060749,-9.4509e-05
4,0.01,-0.004758,8.6803e-06,35.245,0.006211,-0.00011232
4,0.0104,-0.0050397,9.7767e-06,35.512,0.0063586,-0.00011968
4,0.0108,-0.0053236,1.09e-05,35.772,0.0065291,-0.00012615
4,0.0112,-0.0056097,1.2026e-05,36.028,0.0067001,-0.00014168
4,0.0116,-0.0058979,1.3148e-05,36.279,0.0068746,-0.00015007
4,0.012,-0.0061881,1.4302e-05,36.525,0.0070348,-0.00016201
4,0.0124,-0.0064809,1.5519e-05,36.764,0.0060775,-0.00012772
4,0.0128,-0.0067751,1.6722e-05,37.003,0.0061209,-0.00013992
4,0.0132,-0.007071,1.795e-05,37.238,0.0062263,-0.00014987
4,0.0136,-0.0073686,1.9204e-05,37.471,0.0063366,-0.00016461
4,0.014,-0.0076679,2.0476e-05,37.7,0.0064395,-0.00017448
4,0.0144,-0.0079689,2.1776e-05,37.928,0.0065325,-0.00018708
4,0.0148,-0.0082714,2.3076e-05,38.152,0.0066279,-0.00019984
4,0.0152,-0.0085754,2.4382e-05,38.375,0.0067238,-0.00020515
4,0.0156,-0.008881,2.571e-05,38.595,0.0068206,-0.00021442
4,0.016,-0.009188,2.7054e-05,38.813,0.006911,-0.00022205
4,0.0164,-0.0094965,2.8395e-05,39.028,0.0069999,-0.00022567
4,0.0168,-0.0098071,2.9775e-05,39.239,0.0060737,-0.0001718
4,0.0172,-0.010118,3.1064e-05,39.45,0.0060786,-0.00016781
4,0.0176,-0.010431,3.2334e-05,39.659,0.0061545,-0.0001602
4,0.018,-0.010745,3.3553e-05,39.865,0.0062606,-0.00015164
4,0.0184,-0.01106,3.4687e-05,40.07,0.0063841,-0.00013669
4,0.0188,-0.011377,3.5732e-05,40.271,0.0065056,-0.00012527
4,0.0192,-0.011695,3.6713e-05,40.471,0.0066297,-0.00011792
4,0.0196,-0.012014,3.7619e-05,40.667,0.0067596,-0.00010382
4,0.02,-0.012335,3.8452e-05,40.862,0.006886,-9.3578e-05
5,0.0001,-3.5199e-05,-3.7063e-07,0.52005,0.0044821,2.494e-05
5,0.0002,-7.1758e-05,-7.38e-07,1.0373,0.0026088,3.6605e-05
5,0.0012,-0.00043305,-4.4822e-06,6.219,0.0032583,-1.8988e-05
5,0.0016,-0.00057783,-5.9686e-06,8.291,0.0027264,3.407e-05
5,0.002,-0.00072243,-7.4631e-06,10.363,0.002721,3.4205e-05
5,0.0024,-0.00086704,-8.9576e-06,12.436,0.002721,3.4208e-05
5,0.0028,-0.0010116,-1.0452e-05,14.508,0.0027212,3.4209e-05
5,0.0032,-0.0011562,-1.1947e-05,16.581,0.0027213,3.4211e-05
5,0.0036,-0.0013009,-1.3441e-05,18.653,0.0027215,3.4212e-05
5,0.004,-0.0014455,-1.4936e-05,20.726,0.0027216,3.4213e-05
5,0.0044,-0.0015901,-1.6436e-05,22.798,0.0027546,3.6963e-05
5,0.0048,-0.0017353,-1.7738e-05,24.859,0.0032258,-3.3396e-05
5,0.0052,-0.0018842,-1.8641e-05,26.855,0.0055371,-9.6735e-05
5,0.0056,-0.0020407,-1.9217e-05,28.733,0.0064833,-0.00018429
5,0.006,-0.0022126,-1.9429e-05,30.386,0.007595,-6.867e-05
5,0.0064,-0.0024122,-1.7325e-05,31.672,0.0067022,-0.0001257
5,0.0068,-0.0026396,-1.3931e-05,32.586,0.0070354,-0.00015422
5,0.0072,-0.0028881,-1.1874e-05,33.215,0.0076062,-7.7025e-05
5,0.0076,-0.0031485,-1.1046e-05,33.692,0.0077228,-3.3942e-05
5,0.008,-0.0034167,-1.0878e-05,34.088,0.0064939,-4.8262e-06
5,0.0084,-0.0036889,-1.1132e-05,34.445,0.006505,6.2942e-06
5,0.0088,-0.0039647,-1.1607e-05,34.773,0.0066002,2.8956e-06
5,0.0092,-0.0042436,-1.1932e-05,35.081,0.0067191,-1.4092e-05
5,0.0096,-0.0045251,-1.2081e-05,35.377,0.0068824,-4.1566e-05
5,0.01,-0.0048092,-1.2194e-05,35.662,0.0070654,-4.9351e-05
5,0.0104,-0.0050958,-1.22e-05,35.939,0.0072635,-5.616e-05
5,0.0108,-0.0053853,-1.2122e-05,36.205,0.0063902,-5.4315e-05
5,0.0112,-0.0056765,-1.2043e-05,36.469,0.0064791,-5.1019e-05
5,0.0116,-0.0059696,-1.1877e-05,36.728,0.0066191,-5.4183e-05
5,0.012,-0.0062647,-1.1675e-05,36.982,0.0067572,-6.119e-05
5,0.0124,-0.0065617,-1.15e-05,37.233,0.0068994,-6.5877e-05
5,0.0128,-0.0068606,-1.1421e-05,37.479,0.0070239,-6.8789e-05
5,0.0132,-0.0071612,-1.1427e-05,37.723,0.0071527,-6.6615e-05
5,0.0136,-0.0074644,-1.1492e-05,37.961,0.0063079,-5.0744e-05
5,0.014,-0.0077686,-1.1601e-05,38.198,0.0063301,-4.5716e-05
5,0.0144,-0.0080744,-1.1762e-05,38.433,0.006408,-4.4189e-05
5,0.0148,-0.0083817,-1.1973e-05,38.665,0.0065023,-3.4654e-05
5,0.0152,-0.0086905,-1.2229e-05,38.895,0.0065846,-2.6752e-05
5,0.0156,-0.0090008,-1.2546e-05,39.122,0.00667,-1.8388e-05
5,0.016,-0.0093126,-1.2911e-05,39.348,0.0067482,-1.1576e-05
5,0.0164,-0.0096257,-1.3306e-05,39.571,0.0068295,-1.1396e-05
5,0.0168,-0.0099402,-1.3717e-05,39.791,0.0069138,-6.6524e-06
5,0.0172,-0.010256,-1.4154e-05,40.01,0.0070098,-2.0709e-06
5,0.0176,-0.010573,-1.4633e-05,40.226,0.0071155,3.6413e-06
5,0.018,-0.010892,-1.5147e-05,40.439,0.0072344,1.1757e-05
5,0.0184,-0.011212,-1.5685e-05,40.646,0.006437,3.1686e-05
5,0.0188,-0.011534,-1.6263e-05,40.852,0.0064702,3.8196e-05
5,0.0192,-0.011856,-1.6877e-05,41.057,0.006559,4.794e-05
5,0.0196,-0.01218,-1.755e-05,41.259,0.006668,6.044e-05
5,0.02,-0.012505,-1.8253e-05,41.458,0.0067853,6.6872e-05
6,0.0001,-3.5152e-05,-8.0106e-07,0.53055,0.00446,0.00013501
6,0.0002,-7.1647e-05,-1.6542e-06,1.0582,0.0026728,0.00016655
6,0.0012,-0.0004324,-1.0213e-05,6.3447,0.003168,4.0381e-06
6,0.0016,-0.00057694,-1.3615e-05,8.4585,0.0027782,0.00016697
6,0.002,-0.00072133,-1.7034e-05,10.573,0.0027733,0.00016726
6,0.0024,-0.00086571,-2.0453e-05,12.687,0.0027734,0.00016727
6,0.0028,-0.0010101,-2.3872e-05,14.801,0.0027736,0.00016727
6,0.0032,-0.0011545,-2.7291e-05,16.916,0.0027738,0.00016727
6,0.0036,-0.0012989,-3.071e-05,19.03,0.002774,0.00016727
6,0.004,-0.0014433,-3.4128e-05,21.144,0.0027825,0.0001666
6,0.0044,-0.0015877,-3.7541e-05,23.256,0.0028918,0.00016567
6,0.0048,-0.0017332,-4.0646e-05,25.348,0.0036896,9.859e-05
6,0.0052,-0.0018826,-4.2704e-05,27.37,0.0064348,-0.00016454
6,0.0056,-0.0020441,-4.215e-05,29.203,0.0068157,-0.00049421
6,0.006,-0.002224,-3.8031e-05,30.762,0.0074669,-0.00053062
6,0.0064,-0.0024289,-3.3418e-05,31.978,0.0074083,-0.00035805
6,0.0068,-0.002659,-3.1662e-05,32.868,0.007782,-0.00019013
6,0.0072,-0.0029102,-3.1506e-05,33.498,0.0071896,-0.0001869
6,0.0076,-0.0031729,-3.2017e-05,33.99,0.0072884,-0.00022801
6,0.008,-0.0034426,-3.3897e-05,34.408,0.0073068,-0.00018934
6,0.0084,-0.0037172,-3.6922e-05,34.783,0.0073753,-0.00016894
6,0.0088,-0.0039956,-4.0751e-05,35.13,0.0074747,-0.00014247
6,0.0092,-0.004278,-4.5051e-05,35.454,0.0065288,-0.00011938
6,0.0096,-0.0045626,-4.9769e-05,35.766,0.0066007,-9.8091e-05
6,0.01,-0.0048498,-5.4814e-05,36.069,0.0067571,-8.0854e-05
6,0.0104,-0.0051395,-6.0218e-05,36.363,0.0069533,-7.1593e-05
6,0.0108,-0.0054315,-6.5951e-05,36.649,0.0071388,-5.9206e-05
6,0.0112,-0.0057258,-7.2007e-05,36.93,0.0073151,-5.5856e-05
6,0.0116,-0.0060229,-7.8401e-05,37.201,0.0065456,-5.1959e-05
6,0.012,-0.0063215,-8.5131e-05,37.47,0.0066026,-4.4067e-05
6,0.0124,-0.006622,-9.2166e-05,37.735,0.0067211,-3.5252e-05
6,0.0128,-0.0069243,-9.9485e-05,37.997,0.0068572,-3.0514e-05
6,0.0132,-0.0072284,-0.0001071,38.254,0.0069951,-2.295e-05
6,0.0136,-0.0075343,-0.00011499,38.509,0.0071317,-1.5193e-05
6,0.014,-0.0078419,-0.00012316,38.759,0.007271,-8.3559e-06
6,0.0144,-0.0081519,-0.00013163,39.003,0.0065432,9.2694e-06
6,0.0148,-0.0084628,-0.00014038,39.247,0.0065755,1.9499e-05
6,0.0152,-0.0087752,-0.0001494,39.487,0.0066712,2.6933e-05
6,0.0156,-0.0090892,-0.00015862,39.725,0.0067975,3.3026e-05
6,0.016,-0.0094046,-0.00016804,39.96,0.0069205,3.7731e-05
6,0.0164,-0.0097214,-0.00017765,40.191,0.0070531,4.5719e-05
6,0.0168,-0.01004,-0.00018742,40.42,0.0071864,5.1709e-05
6,0.0172,-0.010359,-0.00019738,40.645,0.007324,6.3859e-05
6,0.0176,-0.010681,-0.00020756,40.864,0.0066623,8.4177e-05
6,0.018,-0.011004,-0.00021792,41.082,0.0066931,9.7018e-05
6,0.0184,-0.011328,-0.00022842,41.298,0.0068024,0.0001035
6,0.0188,-0.011653,-0.00023905,41.51,0.0069274,0.0001099
6,0.0192,-0.01198,-0.00024982,41.72,0.0070618,0.0001189
6,0.0196,-0.012307,-0.00026069,41.926,0.0072087,0.00011834
6,0.02,-0.012636,-0.00027161,42.128,0.0073791,0.00010846
7,0.0001,-3.5269e-05,-1.7651e-07,0.53748,0.0045113,7.005e-05
7,0.0002,-7.187e-05,-4.0146e-07,1.072,0.0028558,9.865e-05
7,0.0012,-0.00043382,-2.5919e-06,6.4273,0.0029998,2.9044e-05
7,0.0016,-0.0005788,-3.4657e-06,8.5686,0.0029431,0.00010605
7,0.002,-0.00072365,-4.3429e-06,10.71,0.0029396,0.00010602
7,0.0024,-0.0008685,-5.2201e-06,12.852,0.0029396,0.00010603
7,0.0028,-0.0010133,-6.0974e-06,14.994,0.0029397,0.00010603
7,0.0032,-0.0011582,-6.9746e-06,17.136,0.0029399,0.00010604
7,0.0036,-0.001303,-7.8518e-06,19.278,0.00294,0.00010604
7,0.004,-0.0014479,-8.7263e-06,21.419,0.0029452,0.00010421
7,0.0044,-0.0015928,-9.6054e-06,23.56,0.0030208,0.00010883
7,0.0048,-0.0017385,-1.0379e-05,25.684,0.0036381,6.2875e-05
7,0.0052,-0.001888,-1.0833e-05,27.743,0.0063922,-6.4003e-05
7,0.0056,-0.0020498,-1.153e-05,29.622,0.0071065,-0.00014606
7,0.006,-0.0022345,-1.1491e-05,31.182,0.0070384,-0.00018369
7,0.0064,-0.0024489,-1.1893e-05,32.345,0.0070758,-0.00014889
7,0.0068,-0.00269,-1.2869e-05,33.163,0.0071433,-5.8331e-05
7,0.0072,-0.0029488,-1.2828e-05,33.752,0.007604,-8.2566e-05
7,0.0076,-0.0032179,-1.2325e-05,34.218,0.0076763,-0.00017585
7,0.008,-0.0034931,-1.2065e-05,34.62,0.0077153,-0.00026857
7,0.0084,-0.0037737,-1.2288e-05,34.978,0.0066483,-0.00027477
7,0.0088,-0.0040572,-1.3018e-05,35.316,0.0067062,-0.00028128
7,0.0092,-0.0043437,-1.4167e-05,35.638,0.006856,-0.00028409
7,0.0096,-0.004633,-1.5639e-05,35.947,0.0070574,-0.00030388
7,0.01,-0.0049248,-1.7436e-05,36.247,0.0072579,-0.00032623
7,0.0104,-0.0052192,-1.9363e-05,36.539,0.0074309,-0.00032899
7,0.0108,-0.0055168,-2.1255e-05,36.82,0.0066074,-0.00031618
7,0.0112,-0.005816,-2.3266e-05,37.099,0.0066774,-0.00031837
7,0.0116,-0.0061173,-2.5317e-05,37.373,0.0068175,-0.00032723
7,0.012,-0.0064207,-2.7433e-05,37.642,0.0069465,-0.00033812
7,0.0124,-0.006726,-2.9607e-05,37.907,0.0070853,-0.00034756
7,0.0128,-0.0070332,-3.1823e-05,38.169,0.0072282,-0.00035654
7,0.0132,-0.0073423,-3.4056e-05,38.426,0.0073644,-0.00036629
7,0.0136,-0.007654,-3.6233e-05,38.676,0.0065865,-0.00034589
7,0.014,-0.0079667,-3.8505e-05,38.925,0.006626,-0.00034927
7,0.0144,-0.008281,-4.086e-05,39.172,0.0067441,-0.00035423
7,0.0148,-0.0085969,-4.3302e-05,39.415,0.0068607,-0.00035682
7,0.0152,-0.0089144,-4.5846e-05,39.655,0.0069784,-0.0003534
7,0.0156,-0.0092334,-4.8512e-05,39.892,0.0070856,-0.00034758
7,0.016,-0.0095538,-5.13e-05,40.126,0.0072098,-0.00033852
7,0.0164,-0.0098756,-5.4205e-05,40.356,0.0073279,-0.0003357
7,0.0168,-0.010199,-5.7251e-05,40.584,0.0074496,-0.0003266
7,0.0172,-0.010524,-6.0328e-05,40.806,0.0067111,-0.00029834
7,0.0176,-0.01085,-6.3587e-05,41.028,0.0067326,-0.00028788
7,0.018,-0.011177,-6.6974e-05,41.247,0.0068087,-0.00028416
7,0.0184,-0.011506,-7.0445e-05,41.464,0.0069066,-0.0002871
7,0.0188,-0.011835,-7.397e-05,41.678,0.007015,-0.00029
7,0.0192,-0.012166,-7.7549e-05,41.889,0.0071358,-0.00029141
7,0.0196,-0.012498,-8.1185e-05,42.098,0.0072689,-0.0002946
7,0.02,-0.012832,-8.488e-05,42.302,0.0074159,-0.0002912
8,0.0001,-3.4188e-05,-4.509e-09,0.42418,0.0030079,1.4394e-05
8,0.0002,-6.8923e-05,-1.9323e-08,0.84664,0.0025005,3.0019e-07
8,0.0012,-0.00041568,-1.3246e-07,5.0733,0.0029864,3.2321e-05
8,0.0016,-0.00055422,-1.7556e-07,6.7651,0.0048507,5.0508e-05
8,0.002,-0.00069303,-2.2418e-07,8.4559,0.0048718,5.0779e-05
8,0.0024,-0.00083183,-2.7292e-07,10.147,0.0048726,5.0786e-05
8,0.0028,-0.00097064,-3.2167e-07,11.838,0.0048726,5.0786e-05
8,0.0032,-0.0011094,-3.7041e-07,13.528,0.0048727,5.0787e-05
8,0.0036,-0.0012483,-4.1916e-07,15.219,0.0048727,5.0787e-05
8,0.004,-0.0013871,-4.6791e-07,16.91,0.0048727,5.0787e-05
8,0.0044,-0.0015259,-5.1665e-07,18.601,0.0048727,5.0787e-05
8,0.0048,-0.0016647,-5.654e-07,20.292,0.0048728,5.0787e-05
8,0.0052,-0.0018035,-6.1415e-07,21.983,0.0048728,5.0787e-05
8,0.0056,-0.0019423,-6.6175e-07,23.673,0.0048877,4.9362e-05
8,0.006,-0.0020812,-7.0806e-07,25.363,0.0049815,5.0597e-05
8,0.0064,-0.0022219,-8.3667e-07,27.026,0.0035086,1.9012e-05
8,0.0068,-0.0023661,-1.2599e-06,28.616,0.0061827,8.7783e-05
8,0.0072,-0.0025226,-1.0188e-06,30.017,0.0058157,-0.00015407
8,0.0076,-0.0027171,3.7965e-07,30.609,0.0053018,-0.00025557
8,0.008,-0.0029282,1.4263e-06,30.81,0.004284,-0.00017641
8,0.0084,-0.0031406,2.0443e-06,30.972,0.005725,-0.00020967
8,0.0088,-0.0033543,2.3872e-06,31.12,0.0055838,-0.0001652
8,0.0092,-0.0035687,2.651e-06,31.262,0.0055324,-0.00016306
8,0.0096,-0.0037844,2.9195e-06,31.401,0.0037012,-0.0001336
8,0.01,-0.0040002,3.1322e-06,31.54,0.0037032,-0.00012973
8,0.0104,-0.0042167,3.3431e-06,31.679,0.0037463,-0.00013233
8,0.0108,-0.0044338,3.5537e-06,31.817,0.0038051,-0.00013641
8,0.0112,-0.0046516,3.7567e-06,31.955,0.0038677,-0.00013741
8,0.0116,-0.0048701,3.9483e-06,32.092,0.0039293,-0.00013963
8,0.012,-0.0050892,4.1394e-06,32.229,0.0039909,-0.00014151
8,0.0124,-0.0053089,4.3225e-06,32.365,0.0040503,-0.00014357
8,0.0128,-0.0055293,4.4966e-06,32.501,0.00411,-0.00014474
8,0.0132,-0.0057503,4.6701e-06,32.637,0.0041694,-0.00014574
8,0.0136,-0.0059719,4.844e-06,32.772,0.0042288,-0.00014669
8,0.014,-0.0061942,5.0228e-06,32.907,0.0042871,-0.00014836
8,0.0144,-0.006417,5.1902e-06,33.042,0.0043447,-0.00015087
8,0.0148,-0.0066405,5.3574e-06,33.177,0.0044015,-0.0001521
8,0.0152,-0.0068645,5.5183e-06,33.311,0.0044568,-0.00015344
8,0.0156,-0.0070891,5.6761e-06,33.445,0.004511,-0.00015485
8,0.016,-0.0073143,5.8296e-06,33.578,0.0045634,-0.00015611
8,0.0164,-0.00754,5.9805e-06,33.712,0.0046161,-0.00015736
8,0.0168,-0.0077663,6.1288e-06,33.845,0.0046682,-0.00015858
8,0.0172,-0.0079932,6.2743e-06,33.978,0.0047197,-0.00015976
8,0.0176,-0.0082206,6.4172e-06,34.111,0.0047705,-0.0001609
8,0.018,-0.0084486,6.5573e-06,34.243,0.0048206,-0.00016201
8,0.0184,-0.0086771,6.6945e-06,34.375,0.0048701,-0.00016309
8,0.0188,-0.0089061,6.8289e-06,34.508,0.0049189,-0.00016413
8,0.0192,-0.0091357,6.9603e-06,34.639,0.0049671,-0.00016514
8,0.0196,-0.0093658,7.0887e-06,34.771,0.0050146,-0.00016613
8,0.02,-0.0095964,7.214e-06,34.903,0.0050616,-0.00016708
9,0.0001,-3.438e-05,-4.3866e-08,0.43269,0.0032688,7.5161e-06
9,0.0002,-6.9394e-05,-9.2708e-08,0.86368,0.0028305,-1.5213e-06
9,0.0012,-0.00041897,-5.653e-07,5.1756,0.0037179,1.8466e-05
9,0.0016,-0.0005592,-7.6059e-07,6.9004,0.0028066,4.4727e-06
9,0.002,-0.00069918,-9.5193e-07,8.6253,0.0027865,4.4345e-06
9,0.0024,-0.00083916,-1.1432e-06,10.35,0.0027861,4.4336e-06
9,0.0028,-0.00097913,-1.3345e-06,12.075,0.0027861,4.4336e-06
9,0.0032,-0.0011191,-1.5258e-06,13.8,0.0027861,4.4336e-06
9,0.0036,-0.0012591,-1.7171e-06,15.525,0.0027861,4.4335e-06
9,0.004,-0.0013991,-1.9084e-06,17.25,0.0027862,4.4334e-06
9,0.0044,-0.001539,-2.0998e-06,18.975,0.0027862,4.4334e-06
9,0.0048,-0.001679,-2.2911e-06,20.7,0.0027862,4.4333e-06
9,0.0052,-0.001819,-2.4823e-06,22.425,0.0027868,4.3907e-06
9,0.0056,-0.0019592,-2.58e-06,24.145,0.0029771,-3.7261e-05
9,0.006,-0.0020999,-2.4371e-06,25.854,0.0033525,-0.00011717
9,0.0064,-0.0022421,-2.1456e-06,27.529,0.0045375,-0.00016658
9,0.0068,-0.0023902,-1.6374e-06,29.096,0.0049576,-0.00013099
9,0.0072,-0.0025578,-2.2097e-06,30.339,0.0052614,6.4496e-06
9,0.0076,-0.0027643,-4.4821e-06,30.84,0.0052059,7.8508e-05
9,0.008,-0.0029818,-5.611e-06,31.114,0.0045326,-3.9913e-05
9,0.0084,-0.0032017,-6.1632e-06,31.323,0.0056727,-6.9632e-05
9,0.0088,-0.0034236,-6.7069e-06,31.5,0.0053746,-7.6669e-05
9,0.0092,-0.0036465,-7.3261e-06,31.666,0.0052466,-6.0407e-05
9,0.0096,-0.0038703,-7.9889e-06,31.828,0.005268,-4.8985e-05
9,0.01,-0.004095,-8.6633e-06,31.988,0.0053388,-4.8567e-05
9,0.0104,-0.0043206,-9.3398e-06,32.146,0.0054222,-4.945e-05
9,0.0108,-0.0045478,-1.0015e-05,32.302,0.0038952,-6.3283e-05
9,0.0112,-0.0047753,-1.0695e-05,32.458,0.0039202,-5.9889e-05
9,0.0116,-0.0050038,-1.1383e-05,32.613,0.0039902,-5.9303e-05
9,0.012,-0.0052331,-1.2076e-05,32.767,0.0040658,-6.1688e-05
9,0.0124,-0.0054634,-1.2789e-05,32.92,0.0041419,-6.1743e-05
9,0.0128,-0.0056944,-1.3523e-05,33.072,0.0042083,-6.3026e-05
9,0.0132,-0.0059264,-1.4271e-05,33.224,0.0042792,-6.3813e-05
9,0.0136,-0.0061592,-1.5031e-05,33.375,0.0043503,-6.4736e-05
9,0.014,-0.0063929,-1.5803e-05,33.526,0.0044202,-6.6008e-05
9,0.0144,-0.0066274,-1.6588e-05,33.676,0.0044893,-6.6396e-05
9,0.0148,-0.0068628,-1.7378e-05,33.826,0.004557,-6.6834e-05
9,0.0152,-0.007099,-1.8171e-05,33.975,0.0046231,-6.757e-05
9,0.0156,-0.0073359,-1.8977e-05,34.124,0.0046876,-6.7886e-05
9,0.016,-0.0075737,-1.9793e-05,34.272,0.0047507,-6.8542e-05
9,0.0164,-0.0078122,-2.0621e-05,34.42,0.0048133,-6.9033e-05
9,0.0168,-0.0080515,-2.1458e-05,34.567,0.0048742,-6.9476e-05
9,0.0172,-0.0082916,-2.2305e-05,34.714,0.0049347,-6.9895e-05
9,0.0176,-0.0085324,-2.3162e-05,34.86,0.0049945,-7.0284e-05
9,0.018,-0.008774,-2.4029e-05,35.006,0.0050534,-7.0636e-05
9,0.0184,-0.0090163,-2.4905e-05,35.152,0.0051114,-7.0949e-05
9,0.0188,-0.0092593,-2.579e-05,35.297,0.0051692,-7.1183e-05
9,0.0192,-0.009503,-2.6685e-05,35.442,0.0052266,-7.1456e-05
9,0.0196,-0.0097475,-2.759e-05,35.586,0.0052826,-7.1704e-05
9,0.02,-0.0099926,-2.8503e-05,35.731,0.0053381,-7.1883e-05
10,0.0001,-3.4533e-05,4.6872e-08,0.44046,0.0034967,-1.3274e-05
10,0.0002,-6.9773e-05,1.0286e-07,0.87928,0.0030814,1.487e-06
10,0.0012,-0.0004221,6.4203e-07,5.2685,0.0023489,-8.176e-06
10,0.0016,-0.00056283,8.5733e-07,7.0248,0.0031853,-5.6968e-06
10,0.002,-0.00070374,1.0736e-06,8.7808,0.003196,-5.7708e-06
10,0.0024,-0.00084465,1.2898e-06,10.537,0.0031962,-5.7711e-06
10,0.0028,-0.00098555,1.5061e-06,12.293,0.0031963,-5.7707e-06
10,0.0032,-0.0011265,1.7224e-06,14.049,0.0031963,-5.7704e-06
10,0.0036,-0.0012674,1.9386e-06,15.805,0.0031963,-5.7701e-06
10,0.004,-0.0014083,2.1549e-06,17.561,0.0031964,-5.7699e-06
10,0.0044,-0.0015492,2.3712e-06,19.317,0.0031964,-5.7697e-06
10,0.0048,-0.0016901,2.5874e-06,21.073,0.0031964,-5.7695e-06
10,0.0052,-0.001831,2.8034e-06,22.829,0.0031988,-5.557e-06
10,0.0056,-0.001972,3.0214e-06,24.584,0.0032472,-6.7058e-06
10,0.006,-0.0021131,3.2687e-06,26.334,0.0034576,-2.073e-05
10,0.0064,-0.0022569,3.937e-06,28.027,0.0053262,-0.00014453
10,0.0068,-0.0024118,6.6125e-06,29.528,0.0051041,-0.0003123
10,0.0072,-0.0025929,9.2281e-06,30.6,0.0058625,-0.00014341
10,0.0076,-0.0028028,1.062e-05,31.155,0.0068518,-0.00017952
10,0.008,-0.0030259,1.0849e-05,31.452,0.0059412,-3.0385e-05
10,0.0084,-0.0032525,1.1158e-05,31.678,0.0053056,-2.3512e-05
10,0.0088,-0.0034808,1.1788e-05,31.874,0.0049596,-3.4795e-05
10,0.0092,-0.0037103,1.2629e-05,32.056,0.0047965,-4.5144e-05
10,0.0096,-0.0039409,1.3563e-05,32.233,0.004798,-4.4474e-05
10,0.01,-0.0041727,1.4564e-05,32.408,0.0048867,-4.5887e-05
10,0.0104,-0.0044057,1.5611e-05,32.583,0.0049969,-4.3171e-05
10,0.0108,-0.0046399,1.6713e-05,32.755,0.0051115,-4.1048e-05
10,0.0112,-0.0048753,1.785e-05,32.926,0.0052209,-4.2486e-05
10,0.0116,-0.0051119,1.8999e-05,33.096,0.0053287,-4.0789e-05
10,0.012,-0.0053496,2.0156e-05,33.265,0.0054401,-3.8739e-05
10,0.0124,-0.0055884,2.1327e-05,33.433,0.005547,-3.9819e-05
10,0.0128,-0.0058289,2.2513e-05,33.598,0.0042344,-3.8127e-05
10,0.0132,-0.00607,2.3702e-05,33.763,0.0042476,-3.6988e-05
10,0.0136,-0.0063121,2.4895e-05,33.928,0.0043134,-3.7855e-05
10,0.014,-0.0065553,2.6097e-05,34.092,0.0043873,-3.8073e-05
10,0.0144,-0.0067995,2.7308e-05,34.256,0.0044626,-3.9254e-05
10,0.0148,-0.0070448,2.8526e-05,34.418,0.0045366,-3.8911e-05
10,0.0152,-0.007291,2.9753e-05,34.58,0.0046084,-3.9725e-05
10,0.0156,-0.0075382,3.0987e-05,34.741,0.0046793,-4.0058e-05
10,0.016,-0.0077864,3.2222e-05,34.901,0.0047492,-4.1127e-05
10,0.0164,-0.0080356,3.3462e-05,35.061,0.0048168,-4.1416e-05
10,0.0168,-0.0082856,3.4709e-05,35.219,0.0048831,-4.1967e-05
10,0.0172,-0.0085366,3.596e-05,35.378,0.0049483,-4.2201e-05
10,0.0176,-0.0087885,3.7217e-05,35.535,0.0050118,-4.2654e-05
10,0.018,-0.0090413,3.848e-05,35.692,0.0050742,-4.2944e-05
10,0.0184,-0.009295,3.9747e-05,35.849,0.0051366,-4.3456e-05
10,0.0188,-0.0095496,4.1021e-05,36.005,0.0051976,-4.359e-05
10,0.0192,-0.009805,4.2299e-05,36.16,0.0052569,-4.3669e-05
10,0.0196,-0.010061,4.3583e-05,36.315,0.0053149,-4.3767e-05
10,0.02,-0.010318,4.4872e-05,36.469,0.0053723,-4.3818e-05
11,0.0001,-3.4824e-05,1.5431e-07,0.44839,0.0037311,-2.7746e-05
11,0.0002,-7.0427e-05,3.2732e-07,0.89517,0.0032668,1.2347e-05
11,0.0012,-0.0004264,1.9997e-06,5.3635,0.0026171,-1.701e-05
11,0.0016,-0.00056857,2.6687e-06,7.1516,0.0035202,-1.0727e-05
11,0.002,-0.00071093,3.3394e-06,8.9392,0.0035328,-1.0867e-05
11,0.0024,-0.00085329,4.0101e-06,10.727,0.0035331,-1.0868e-05
11,0.0028,-0.00099565,4.6809e-06,12.514,0.0035332,-1.0866e-05
11,0.0032,-0.001138,5.3516e-06,14.302,0.0035333,-1.0864e-05
11,0.0036,-0.0012804,6.0223e-06,16.09,0.0035333,-1.0862e-05
11,0.004,-0.0014227,6.6931e-06,17.877,0.0035334,-1.0859e-05
11,0.0044,-0.0015651,7.3638e-06,19.665,0.0035335,-1.0857e-05
11,0.0048,-0.0017075,8.0345e-06,21.452,0.0035336,-1.0856e-05
11,0.0052,-0.0018498,8.7052e-06,23.24,0.0035337,-1.0854e-05
11,0.0056,-0.0019923,9.34e-06,25.026,0.0036307,7.7223e-06
11,0.006,-0.0021355,9.6358e-06,26.794,0.0041933,0.00012939
11,0.0064,-0.0022833,9.2009e-06,28.478,0.0045826,0.00030628
11,0.0068,-0.0024437,8.5593e-06,29.945,0.0066024,0.00030998
11,0.0072,-0.0026362,7.9146e-06,30.91,0.0065029,0.00016417
11,0.0076,-0.0028576,8.0925e-06,31.382,0.0053727,0.00023733
11,0.008,-0.003087,8.3685e-06,31.701,0.0063671,0.00022976
11,0.0084,-0.0033207,8.3719e-06,31.949,0.0058287,0.00020783
11,0.0088,-0.0035567,8.4253e-06,32.164,0.0054921,0.00022379
11,0.0092,-0.0037941,8.7678e-06,32.364,0.0053989,0.00020194
11,0.0096,-0.0040329,9.2654e-06,32.557,0.0054604,0.00019163
11,0.01,-0.0042731,9.8202e-06,32.746,0.0055594,0.0001949
11,0.0104,-0.0045153,1.0393e-05,32.931,0.004169,0.00019255
11,0.0108,-0.0047584,1.1089e-05,33.115,0.0042138,0.00019204
11,0.0112,-0.0050028,1.1888e-05,33.297,0.0043131,0.00020253
11,0.0116,-0.0052486,1.28e-05,33.478,0.0044199,0.00020807
11,0.012,-0.0054956,1.3812e-05,33.657,0.0045261,0.00021719
11,0.0124,-0.005744,1.4907e-05,33.835,0.0046202,0.00021866
11,0.0128,-0.0059936,1.6046e-05,34.011,0.0047148,0.00022117
11,0.0132,-0.0062445,1.723e-05,34.186,0.0048088,0.0002254
11,0.0136,-0.0064966,1.8455e-05,34.36,0.0049024,0.00022723
11,0.014,-0.00675,1.9705e-05,34.532,0.0049947,0.00022825
11,0.0144,-0.0070045,2.0976e-05,34.704,0.0050856,0.00022998
11,0.0148,-0.0072603,2.2273e-05,34.875,0.0051754,0.00023186
11,0.0152,-0.0075172,2.3593e-05,35.045,0.0052637,0.00023369
11,0.0156,-0.0077752,2.494e-05,35.214,0.0053502,0.00023464
11,0.016,-0.0080343,2.6307e-05,35.381,0.0054341,0.00023609
11,0.0164,-0.0082946,2.7698e-05,35.548,0.0055173,0.0002378
11,0.0168,-0.0085559,2.9117e-05,35.715,0.0055989,0.00023916
11,0.0172,-0.0088182,3.0563e-05,35.88,0.0056773,0.00024106
11,0.0176,-0.0090816,3.2034e-05,36.045,0.0057556,0.00024231
11,0.018,-0.0093466,3.3467e-05,36.206,0.0044238,0.00023141
11,0.0184,-0.0096121,3.4964e-05,36.369,0.0044192,0.00022586
11,0.0188,-0.0098786,3.6497e-05,36.532,0.004461,0.0002254
11,0.0192,-0.010146,3.8056e-05,36.693,0.0045101,0.00022606
11,0.0196,-0.010414,3.964e-05,36.854,0.0045603,0.000227
11,0.02,-0.010684,4.1247e-05,37.015,0.0046101,0.00022798
12,0.0001,-3.4704e-05,-5.8716e-08,0.45766,0.0038516,8.0816e-06
12,0.0002,-7.0223e-05,-1.215e-07,0.91374,0.0034261,-1.8564e-05
12,0.0012,-0.00042542,-7.0243e-07,5.4745,0.0027915,-4.5852e-06
12,0.0016,-0.00056725,-9.3666e-07,7.2995,0.0037452,-9.6663e-06
12,0.002,-0.00070929,-1.1698e-06,9.1241,0.0037589,-9.6809e-06
12,0.0024,-0.00085134,-1.403e-06,10.949,0.0037592,-9.6797e-06
12,0.0028,-0.00099339,-1.6362e-06,12.773,0.0037593,-9.6786e-06
12,0.0032,-0.0011354,-1.8694e-06,14.598,0.0037594,-9.6778e-06
12,0.0036,-0.0012775,-2.1025e-06,16.422,0.0037595,-9.677e-06
12,0.004,-0.0014195,-2.3357e-06,18.247,0.0037596,-9.6763e-06
12,0.0044,-0.0015616,-2.5689e-06,20.071,0.0037597,-9.6756e-06
12,0.0048,-0.0017036,-2.7902e-06,21.896,0.0037722,-1.6142e-05
12,0.0052,-0.0018458,-2.9933e-06,23.719,0.0038501,-2.4106e-05
12,0.0056,-0.0019882,-3.0919e-06,25.537,0.004191,-6.0486e-05
12,0.006,-0.0021334,-3.7826e-06,27.312,0.0040916,0.00010432
12,0.0064,-0.0022872,-4.7622e-06,28.942,0.0062957,0.00013245
12,0.0068,-0.0024597,-6.4337e-06,30.294,0.0068322,0.00021378
12,0.0072,-0.0026602,-9.9625e-06,31.224,0.0059844,2.9963e-05
12,0.0076,-0.0028852,-1.4757e-05,31.74,0.0061059,6.9369e-05
12,0.008,-0.0031203,-1.7806e-05,32.078,0.005533,0.00010128
12,0.0084,-0.0033595,-2.0303e-05,32.348,0.0052066,0.00015804
12,0.0088,-0.0036011,-2.2642e-05,32.586,0.0050829,0.00019961
12,0.0092,-0.0038444,-2.4906e-05,32.808,0.0050239,0.00022793
12,0.0096,-0.0040894,-2.7196e-05,33.022,0.0050851,0.00023884
12,0.01,-0.004336,-2.9526e-05,33.23,0.00518,0.00025089
12,0.0104,-0.0045841,-3.1886e-05,33.433,0.0052868,0.00025315
12,0.0108,-0.0048337,-3.4322e-05,33.634,0.0054103,0.00025788
12,0.0112,-0.0050849,-3.6811e-05,33.832,0.0055337,0.00026316
12,0.0116,-0.0053375,-3.9351e-05,34.028,0.0056626,0.00026902
12,0.012,-0.0055917,-4.1932e-05,34.222,0.0057898,0.00027857
12,0.0124,-0.0058472,-4.4551e-05,34.414,0.0059075,0.0002847
12,0.0128,-0.0061043,-4.721e-05,34.604,0.0060191,0.0002906
12,0.0132,-0.0063627,-4.9926e-05,34.793,0.0061292,0.00029781
12,0.0136,-0.0066225,-5.2682e-05,34.981,0.0062387,0.00030535
12,0.014,-0.0068843,-5.5559e-05,35.165,0.0051457,0.00024975
12,0.0144,-0.0071469,-5.8388e-05,35.349,0.0051483,0.00025361
12,0.0148,-0.0074108,-6.1253e-05,35.533,0.0052118,0.00026012
12,0.0152,-0.0076758,-6.4159e-05,35.715,0.0052835,0.00026595
12,0.0156,-0.0079421,-6.7099e-05,35.897,0.0053589,0.00027278
12,0.016,-0.0082097,-7.0063e-05,36.077,0.0054356,0.0002784
12,0.0164,-0.0084784,-7.3057e-05,36.256,0.0055138,0.00028375
12,0.0168,-0.0087483,-7.6081e-05,36.433,0.0055942,0.00028773
12,0.0172,-0.0090193,-7.9125e-05,36.61,0.0056746,0.00029189
12,0.0176,-0.0092915,-8.2191e-05,36.786,0.0057485,0.0002947
12,0.018,-0.0095648,-8.5276e-05,36.961,0.0058237,0.00029827
12,0.0184,-0.0098392,-8.8382e-05,37.134,0.0059008,0.00030304
12,0.0188,-0.010115,-9.1507e-05,37.307,0.0059767,0.00030737
12,0.0192,-0.010391,-9.4651e-05,37.479,0.0060523,0.00031164
12,0.0196,-0.010669,-9.7814e-05,37.649,0.0061216,0.00031625
12,0.02,-0.010947,-0.000101,37.819,0.0061939,0.00032113
13,0.0001,-3.5223e-05,-8.2931e-08,0.46437,0.0041017,1.8642e-05
13,0.0002,-7.1329e-05,-1.7806e-07,0.92722,0.0034603,-1.8656e-05
13,0.0012,-0.00043233,-1.073e-06,5.5548,0.0029373,2.1226e-06
13,0.0016,-0.00057688,-1.4308e-06,7.4058,0.0023183,1.7305e-05
13,0.002,-0.00072123,-1.79e-06,9.257,0.0023117,1.731e-05
13,0.0024,-0.00086559,-2.1493e-06,11.108,0.0023117,1.7313e-05
13,0.0028,-0.00101,-2.5086e-06,12.96,0.0023118,1.7316e-05
13,0.0032,-0.0011543,-2.8678e-06,14.811,0.0023119,1.7318e-05
13,0.0036,-0.0012987,-3.2271e-06,16.662,0.002312,1.7321e-05
13,0.004,-0.001443,-3.5864e-06,18.513,0.0023121,1.7323e-05
13,0.0044,-0.0015874,-3.9457e-06,20.365,0.0023122,1.7325e-05
13,0.0048,-0.0017317,-4.2961e-06,22.216,0.0023166,1.3419e-05
13,0.0052,-0.0018761,-4.6303e-06,24.066,0.0023383,8.9754e-06
13,0.0056,-0.0020208,-4.7313e-06,25.912,0.0024982,-7.1272e-05
13,0.006,-0.0021669,-3.8976e-06,27.727,0.0035644,-0.00028035
13,0.0064,-0.0023244,-2.3876e-06,29.353,0.006527,-0.00025574
13,0.0068,-0.0025075,5.6989e-07,30.606,0.0066191,-0.00018846
13,0.0072,-0.0027202,2.8548e-06,31.407,0.0068134,-0.00014837
13,0.0076,-0.0029531,2.3042e-06,31.882,0.0067604,0.00010204
13,0.008,-0.0031951,1.0588e-06,32.214,0.0062302,0.00014569
13,0.0084,-0.0034412,1.3913e-07,32.491,0.0059284,9.1675e-05
13,0.0088,-0.00369,-6.1261e-07,32.737,0.0057945,9.4004e-05
13,0.0092,-0.0039409,-1.1053e-06,32.965,0.0057698,8.5844e-05
13,0.0096,-0.0041935,-1.4196e-06,33.183,0.0057907,5.4538e-05
13,0.01,-0.0044479,-1.7298e-06,33.395,0.0059007,4.0382e-05
13,0.0104,-0.0047041,-2.1297e-06,33.604,0.0060396,3.132e-05
13,0.0108,-0.0049627,-2.5994e-06,33.807,0.0047734,2.0939e-05
13,0.0112,-0.0052224,-3.105e-06,34.009,0.004823,2.013e-05
13,0.0116,-0.0054837,-3.6151e-06,34.208,0.0049244,2.1382e-05
13,0.012,-0.0057466,-4.101e-06,34.405,0.0050382,1.8166e-05
13,0.0124,-0.0060111,-4.5755e-06,34.6,0.0051629,1.539e-05
13,0.0128,-0.0062771,-5.0423e-06,34.793,0.0052762,1.5316e-05
13,0.0132,-0.0065447,-5.4907e-06,34.985,0.0053818,1.235e-05
13,0.0136,-0.0068137,-5.9511e-06,35.174,0.0054873,5.5887e-06
13,0.014,-0.0070842,-6.427e-06,35.362,0.0055911,5.1095e-06
13,0.0144,-0.0073562,-6.9022e-06,35.549,0.0056928,2.2712e-06
13,0.0148,-0.0076295,-7.3835e-06,35.734,0.0057916,-8.0536e-07
13,0.0152,-0.0079042,-7.8785e-06,35.918,0.0058859,-4.1711e-06
13,0.0156,-0.0081802,-8.3805e-06,36.101,0.0059796,-5.0285e-06
13,0.016,-0.0084575,-8.8822e-06,36.282,0.0060705,-7.0965e-06
13,0.0164,-0.0087361,-9.3921e-06,36.462,0.0061578,-9.2374e-06
13,0.0168,-0.0090166,-9.9072e-06,36.639,0.0049406,-1.5035e-05
13,0.0172,-0.0092978,-1.0426e-05,36.817,0.0049364,-1.6687e-05
13,0.0176,-0.0095801,-1.0954e-05,36.993,0.0049857,-1.8535e-05
13,0.018,-0.0098636,-1.149e-05,37.169,0.0050418,-2.0371e-05
13,0.0184,-0.010148,-1.2028e-05,37.344,0.0051021,-2.2649e-05
13,0.0188,-0.010434,-1.2571e-05,37.517,0.0051594,-2.4272e-05
13,0.0192,-0.010721,-1.3118e-05,37.69,0.005215,-2.6369e-05
13,0.0196,-0.011009,-1.3671e-05,37.862,0.0052699,-2.906e-05
13,0.02,-0.011297,-1.423e-05,38.033,0.0053232,-3.0738e-05
14,0.0001,-3.4871e-05,1.1516e-07,0.47605,0.0041136,-2.561e-05
14,0.0002,-7.062e-05,2.5044e-07,0.95047,0.0037518,6.7775e-06
14,0.0012,-0.00042827,1.5542e-06,5.6942,0.0030769,-2.6152e-05
14,0.0016,-0.00057148,2.0811e-06,7.5916,0.0023633,-2.8704e-05
14,0.002,-0.00071449,2.605e-06,9.4893,0.0023566,-2.8592e-05
14,0.0024,-0.00085751,3.1289e-06,11.387,0.0023566,-2.859e-05
14,0.0028,-0.0010005,3.6528e-06,13.285,0.0023566,-2.859e-05
14,0.0032,-0.0011435,4.1767e-06,15.182,0.0023568,-2.859e-05
14,0.0036,-0.0012865,4.7006e-06,17.08,0.0023569,-2.8589e-05
14,0.004,-0.0014296,5.2245e-06,18.978,0.002357,-2.8589e-05
14,0.0044,-0.0015726,5.7484e-06,20.875,0.002357,-2.8589e-05
14,0.0048,-0.0017156,6.2529e-06,22.773,0.0023728,-1.926e-05
14,0.0052,-0.0018588,6.732e-06,24.665,0.0025242,-6.7176e-06
14,0.0056,-0.0020032,7.3995e-06,26.533,0.0033163,-5.6279e-05
14,0.006,-0.0021547,7.3039e-06,28.276,0.0046078,1.4844e-05
14,0.0064,-0.0023183,6.2357e-06,29.815,0.0062848,-9.9387e-05
14,0.0068,-0.0025053,7.0248e-06,31.018,0.0065768,-0.00013987
14,0.0072,-0.0027186,8.8458e-06,31.855,0.0069716,6.6283e-05
14,0.0076,-0.0029519,7.7679e-06,32.405,0.0059895,0.00026936
14,0.008,-0.0031949,6.9885e-06,32.789,0.0070163,0.00024675
14,0.0084,-0.0034435,7.0935e-06,33.095,0.0067412,0.00016524
14,0.0088,-0.003695,7.6917e-06,33.367,0.0066095,0.00015823
14,0.0092,-0.0039487,8.4521e-06,33.62,0.0065771,0.00017542
14,0.0096,-0.0042052,9.189e-06,33.86,0.0054316,0.0001793
14,0.01,-0.004463,1.0028e-05,34.096,0.0054698,0.00019303
14,0.0104,-0.0047228,1.0905e-05,34.327,0.0056137,0.00020352
14,0.0108,-0.0049845,1.1833e-05,34.555,0.0057732,0.00020731
14,0.0112,-0.0052481,1.2763e-05,34.779,0.0059348,0.0002104
14,0.0116,-0.0055135,1.3681e-05,35,0.0060962,0.00021442
14,0.012,-0.0057807,1.4575e-05,35.218,0.0062511,0.00021742
14,0.0124,-0.0060496,1.5462e-05,35.434,0.0064056,0.00022434
14,0.0128,-0.0063202,1.6348e-05,35.647,0.0065595,0.00022606
14,0.0132,-0.0065931,1.716e-05,35.855,0.0055954,0.00020037
14,0.0136,-0.0068671,1.8003e-05,36.063,0.0056275,0.00019924
14,0.014,-0.0071426,1.8821e-05,36.27,0.0057194,0.00019956
14,0.0144,-0.0074195,1.9614e-05,36.475,0.0058203,0.00020258
14,0.0148,-0.0076979,2.0397e-05,36.678,0.0059234,0.00020553
14,0.0152,-0.0079777,2.1163e-05,36.879,0.0060214,0.0002069
14,0.0156,-0.008259,2.1909e-05,37.079,0.0061185,0.00021007
14,0.016,-0.0085416,2.2636e-05,37.277,0.0062126,0.00021419
14,0.0164,-0.0088255,2.3345e-05,37.473,0.0063035,0.00021945
14,0.0168,-0.0091107,2.4032e-05,37.669,0.0063874,0.00022556
14,0.0172,-0.0093973,2.4712e-05,37.862,0.0064791,0.0002322
14,0.0176,-0.0096851,2.5391e-05,38.054,0.0065685,0.00023719
14,0.018,-0.0099741,2.6077e-05,38.245,0.0066533,0.00024091
14,0.0184,-0.010265,2.6714e-05,38.432,0.0057017,0.00021144
14,0.0188,-0.010557,2.7431e-05,38.62,0.005691,0.00020529
14,0.0192,-0.010849,2.8172e-05,38.807,0.0057426,0.00020416
14,0.0196,-0.011143,2.8931e-05,38.992,0.0058035,0.00020276
14,0.02,-0.011438,2.9702e-05,39.176,0.0058675,0.00020556
15,0.0001,-3.5262e-05,7.0367e-07,0.48325,0.0042976,-0.00010669
15,0.0002,-7.1842e-05,1.4607e-06,0.96394,0.0023834,-0.00012484
15,0.0012,-0.00043341,8.9923e-06,5.7802,0.0031043,-4.5058e-05
15,0.0016,-0.00057832,1.2003e-05,7.7061,0.0025325,-0.00011732
15,0.002,-0.00072305,1.5015e-05,9.6325,0.0025266,-0.00011726
15,0.0024,-0.00086777,1.8028e-05,11.559,0.0025266,-0.00011726
15,0.0028,-0.0010125,2.1041e-05,13.485,0.0025266,-0.00011726
15,0.0032,-0.0011572,2.4054e-05,15.411,0.0025267,-0.00011726
15,0.0036,-0.001302,2.7067e-05,17.338,0.0025268,-0.00011725
15,0.004,-0.0014467,3.0079e-05,19.264,0.0025268,-0.00011725
15,0.0044,-0.0015914,3.3089e-05,21.19,0.0025316,-0.00011473
15,0.0048,-0.0017363,3.601e-05,23.113,0.0026353,-7.5661e-05
15,0.0052,-0.0018816,3.8743e-05,25.026,0.002979,-1.497e-07
15,0.0056,-0.0020286,4.1752e-05,26.904,0.0040768,-2.9982e-05
15,0.006,-0.0021831,4.6103e-05,28.654,0.0053501,-0.00010641
15,0.0064,-0.0023574,5.1807e-05,30.105,0.0067804,4.8859e-05
15,0.0068,-0.0025565,5.7862e-05,31.209,0.0061181,0.00016388
15,0.0072,-0.002778,6.2901e-05,32.001,0.0073441,0.00033414
15,0.0076,-0.0030171,7.0136e-05,32.538,0.0072667,0.00038081
15,0.008,-0.0032669,7.883e-05,32.914,0.006825,0.00033223
15,0.0084,-0.0035218,8.7271e-05,33.222,0.0065705,0.00039088
15,0.0088,-0.0037798,9.5642e-05,33.497,0.0064865,0.00042206
15,0.0092,-0.0040402,0.00010409,33.755,0.0065141,0.00039744
15,0.0096,-0.0043028,0.00011267,34.002,0.0066127,0.00037387
15,0.01,-0.0045682,0.00012134,34.238,0.0054678,0.00036177
15,0.0104,-0.0048351,0.00013017,34.472,0.0055263,0.00034849
15,0.0108,-0.0051038,0.00013916,34.701,0.0056424,0.00034713
15,0.0112,-0.0053745,0.00014824,34.927,0.005775,0.00035219
15,0.0116,-0.005647,0.00015744,35.149,0.0059111,0.00035794
15,0.012,-0.0059214,0.00016677,35.369,0.0060426,0.00036005
15,0.0124,-0.0061976,0.00017619,35.586,0.0061785,0.00036245
15,0.0128,-0.0064755,0.00018569,35.8,0.0063126,0.00036302
15,0.0132,-0.0067551,0.00019527,36.012,0.0064394,0.00036333
15,0.0136,-0.0070363,0.00020491,36.222,0.0065592,0.00036485
15,0.014,-0.0073199,0.00021455,36.427,0.0055304,0.00037174
15,0.0144,-0.0076045,0.0002243,36.632,0.0055424,0.00036343
15,0.0148,-0.0078905,0.00023417,36.835,0.0056131,0.00036334
15,0.0152,-0.008178,0.0002441,37.036,0.0056901,0.0003639
15,0.0156,-0.008467,0.0002541,37.236,0.0057705,0.00036939
15,0.016,-0.0087573,0.00026416,37.434,0.0058515,0.000375
15,0.0164,-0.0090491,0.00027428,37.631,0.0059317,0.00038054
15,0.0168,-0.0093422,0.00028445,37.825,0.0060214,0.00038718
15,0.0172,-0.0096366,0.00029467,38.018,0.0061082,0.00039492
15,0.0176,-0.0099324,0.00030494,38.21,0.0061923,0.00040027
15,0.018,-0.010229,0.00031526,38.399,0.0062777,0.00040353
15,0.0184,-0.010528,0.00032563,38.588,0.006364,0.00040915
15,0.0188,-0.010827,0.00033604,38.775,0.006454,0.0004188
15,0.0192,-0.011128,0.00034644,38.96,0.0065395,0.00042781
15,0.0196,-0.01143,0.00035688,39.144,0.0066207,0.00043288
15,0.02,-0.011733,0.00036723,39.323,0.0056444,0.00044208
